Temperatura (°C);pH;Oxígeno Disuelto (mg/L);Turbidez (NTU);Conductividad (mS/cm)
23.5;8.80;14.43;100;0.7430
23.8;8.52;12.92;93;0.7600
23.9;8.38;14.15;26;0.7680
23.1;8.00;9.61;233;0.7820
23.5;9.09;16.71;25;0.5820
24.0;8.66;8.76;18;0.6050
24.0;8.40;11.00;17;0.6910
23.1;8.23;9.64;36;0.6850
22.1;8.79;8.21;11;0.5700
23.0;7.89;3.33;13;0.6190
22.7;7.91;3.85;3;0.704
23.0;8.32;8.55;7;0.703
22.3;8.93;8.63;14;0.552
22.8;7.80;3.32;3;0.69
24.4;9.17;13.50;29;0.608
29.1;9.20;21.20;220;0.68
28.8;8.30;4.84;14;0.803
25.0;8.48;10.25;90;0.755
26.2;9.54;19.42;41;0.629
28.4;7.85;9.58;450;0.706
26.7;9.29;17.62;44;0.774
26.9;9.32;16.77;210;0.774
26.7;9.39;10.31;34;0.64
26.5;8.79;2.03;49;0.67
25.9;9.49;9.36;40;0.728
25.8;9.19;10.53;21;0.733
26.2;9.46;11.64;13;0.611
26.6;8.53;10.54;28;0.651
25.9;9.06;11.92;18;0.704
26.5;9.48;17.15;22;0.715
25.8;9.27;9.90;10;0.587
27.6;8.14;4.21;22;0.659
28.7;9.20;10.70;160;0.737
26.9;8.61;3.72;11;0.729
27.6;9.46;15.46;20;0.561
29.2;8.98;12.57;32;0.604
28.1;9.43;17.95;41;0.652
28.1;9.38;0.00;270;0.657
25.8;8.80;12.08;46;0.566
26.0;8.06;4.70;41;0.635
25.7;8.00;2.46;16;0.675
25.4;7.27;0.16;11;0.682
23.2;7.59;0.71;16;0.622
24.0;7.92;6.30;19;0.653
24.0;7.56;0.83;25;0.71
24.0;7.57;0.19;21;0.709
22.9;7.95;5.46;9;0.632
23.2;8.35;8.47;21;0.66
23.0;7.48;2.79;13;0.735
24.1;8.01;7.23;24;0.7340
